Feature,Importance
original_shape_VoxelVolume_RV_ES,0.01866716065264863
original_glrlm_GrayLevelNonUniformity_RV_ES,0.018450231000969507
original_shape_SurfaceVolumeRatio_RV_ES,0.01636394992787873
original_shape_SurfaceVolumeRatio_LV_ES,0.015950697206987708
original_ngtdm_Coarseness_RV_ES,0.01594136619991511
original_shape_Maximum2DDiameterSlice_RV_ES,0.015868437704083357
original_shape_SurfaceVolumeRatio_MYO_ED,0.015831020508870638
original_shape_MeshVolume_RV_ES,0.015340078539926631
original_gldm_DependenceNonUniformity_RV_ES,0.013092144801456295
original_shape_VoxelVolume_LV_ES,0.012327910394353903
original_shape_Maximum2DDiameterRow_RV_ES,0.01181412359008922
original_glszm_LargeAreaHighGrayLevelEmphasis_LV_ES,0.011214675082245138
original_glcm_Idn_LV_ES,0.010774298233505968
original_shape_Sphericity_MYO_ES,0.010548348516452779
original_shape_MeshVolume_LV_ES,0.010182376682850372
original_gldm_GrayLevelNonUniformity_LV_ES,0.009943949022510995
original_glszm_LargeAreaHighGrayLevelEmphasis_RV_ES,0.00986447531188105
original_shape_Maximum3DDiameter_RV_ES,0.00975524582391847
original_glcm_Idn_RV_ES,0.009541928486964259
original_shape_MeshVolume_RV_ED,0.009396884796829678
original_shape_MinorAxisLength_RV_ES,0.008896829891257481
original_shape_MajorAxisLength_MYO_ES,0.008170196579556352
original_shape_MinorAxisLength_MYO_ES,0.00796115759031595
original_shape_LeastAxisLength_LV_ES,0.00753791507764712
original_gldm_DependenceNonUniformity_MYO_ES,0.007452180530198887
original_shape_SurfaceArea_RV_ES,0.007359032810757237
original_glszm_LargeAreaEmphasis_RV_ES,0.0071460491066263334
original_glrlm_GrayLevelNonUniformity_LV_ES,0.007012218667486867
original_shape_Maximum2DDiameterColumn_RV_ES,0.006567598611476805
original_ngtdm_Coarseness_RV_ED,0.006446153790518362
original_shape_VoxelVolume_MYO_ED,0.006367262978180423
original_gldm_GrayLevelNonUniformity_MYO_ES,0.00614625319923465
original_gldm_DependenceNonUniformity_MYO_ED,0.006098093008780158
original_shape_SurfaceVolumeRatio_LV_ED,0.005740006638041104
original_glrlm_GrayLevelNonUniformity_LV_ED,0.005708896173493392
original_gldm_GrayLevelNonUniformity_RV_ES,0.005527765892781811
original_gldm_DependenceVariance_LV_ES,0.005477884544354982
original_glcm_Idmn_RV_ES,0.00533868080891925
original_glrlm_RunLengthNonUniformity_RV_ED,0.005275531188760749
original_shape_Flatness_RV_ED,0.005230441365369978
original_firstorder_TotalEnergy_RV_ES,0.005126121679954766
original_shape_LeastAxisLength_MYO_ES,0.005075213371381426
original_glrlm_RunPercentage_LV_ES,0.005062410552970473
original_glszm_LargeAreaEmphasis_LV_ES,0.004958801480848626
original_gldm_DependenceNonUniformity_RV_ED,0.004925367728082014
original_shape_SurfaceArea_LV_ES,0.004898150641255018
original_shape_SurfaceVolumeRatio_MYO_ES,0.004888437320866647
original_glcm_MCC_LV_ES,0.00478075014690663
original_glrlm_RunVariance_RV_ED,0.004621696748128988
original_ngtdm_Coarseness_MYO_ES,0.004611183860763054
original_ngtdm_Coarseness_LV_ES,0.004495221018676337
original_gldm_SmallDependenceEmphasis_LV_ED,0.0044920977769942975
original_gldm_LargeDependenceEmphasis_LV_ES,0.004458531463933459
original_shape_Maximum2DDiameterSlice_RV_ED,0.004405787347941574
original_firstorder_Kurtosis_RV_ED,0.004385458102751178
original_shape_Maximum2DDiameterRow_LV_ES,0.004361143740053617
original_glszm_LargeAreaEmphasis_LV_ED,0.004357910591873221
original_glrlm_LongRunHighGrayLevelEmphasis_LV_ES,0.004323646265290042
original_shape_MajorAxisLength_MYO_ED,0.004312284323160861
original_shape_Maximum3DDiameter_MYO_ES,0.004229409883085769
original_shape_LeastAxisLength_LV_ED,0.004173479418387926
original_firstorder_Minimum_LV_ES,0.003989038471651322
original_shape_MeshVolume_MYO_ED,0.003970648196361021
original_shape_Maximum2DDiameterRow_MYO_ED,0.003875021485728233
original_ngtdm_Contrast_RV_ED,0.0038672944650990737
original_glcm_Correlation_MYO_ES,0.003851672803645504
original_glcm_Idn_LV_ED,0.003847649834284602
original_shape_Maximum2DDiameterSlice_MYO_ES,0.0038322050058498826
original_shape_MinorAxisLength_LV_ES,0.00379210920340657
original_shape_Sphericity_MYO_ED,0.0037774061875018704
original_shape_Elongation_MYO_ES,0.0037690365442156204
original_glcm_Correlation_LV_ES,0.003745405814853347
original_glrlm_RunLengthNonUniformityNormalized_LV_ES,0.0037167571450107883
original_shape_VoxelVolume_RV_ED,0.0037053663336984754
original_firstorder_Skewness_RV_ES,0.003694848455859125
original_glrlm_LongRunHighGrayLevelEmphasis_MYO_ED,0.003615207910457403
original_glcm_Idmn_LV_ES,0.003610380932947409
original_gldm_GrayLevelNonUniformity_LV_ED,0.003587209970547146
original_firstorder_10Percentile_RV_ED,0.0035248070206524017
original_gldm_LargeDependenceEmphasis_MYO_ED,0.0035076834381541962
original_shape_Maximum2DDiameterSlice_MYO_ED,0.003485750183356659
original_shape_MajorAxisLength_RV_ES,0.0034651416348710834
original_shape_VoxelVolume_MYO_ES,0.0034067276792773766
original_glszm_ZonePercentage_LV_ED,0.0033947194777862507
original_firstorder_Minimum_RV_ED,0.0033620324965523973
original_shape_MeshVolume_LV_ED,0.003358070696123188
original_firstorder_InterquartileRange_LV_ES,0.0033289657664578387
original_ngtdm_Busyness_LV_ED,0.003293240845377667
original_gldm_SmallDependenceLowGrayLevelEmphasis_LV_ES,0.0032198203224918067
original_glszm_GrayLevelNonUniformity_LV_ES,0.0031988177891523056
original_gldm_LargeDependenceLowGrayLevelEmphasis_RV_ES,0.0031755481514971185
original_shape_LeastAxisLength_RV_ES,0.0031745669555780145
original_shape_MinorAxisLength_RV_ED,0.003174192915966045
original_glrlm_LongRunHighGrayLevelEmphasis_RV_ES,0.003124391415743545
original_shape_Maximum2DDiameterSlice_LV_ES,0.0031146903433576915
original_firstorder_Skewness_RV_ED,0.003079447292781991
original_shape_MeshVolume_MYO_ES,0.003054681698726306
original_glrlm_LongRunEmphasis_MYO_ED,0.0030405862439898744
original_glrlm_LongRunHighGrayLevelEmphasis_MYO_ES,0.0030309493294831524
original_glszm_HighGrayLevelZoneEmphasis_LV_ES,0.003010540087249829
original_firstorder_RobustMeanAbsoluteDeviation_MYO_ES,0.0029988773317796086
original_firstorder_10Percentile_RV_ES,0.002971744275565839
original_shape_Maximum2DDiameterRow_LV_ED,0.0029366121289311252
original_glcm_Imc2_LV_ES,0.0029085120625183102
original_shape_Flatness_RV_ES,0.002885139731918165
original_glrlm_GrayLevelNonUniformity_MYO_ED,0.002883662131745154
original_glrlm_RunLengthNonUniformityNormalized_MYO_ED,0.0028632226414915586
original_firstorder_Energy_RV_ES,0.0028342369270024786
original_glszm_GrayLevelNonUniformity_RV_ES,0.0028087338147868355
original_gldm_DependenceNonUniformity_LV_ES,0.002803796974727433
original_ngtdm_Coarseness_MYO_ED,0.0027330793320687625
original_shape_Maximum3DDiameter_MYO_ED,0.002685707949497012
original_firstorder_Maximum_MYO_ES,0.0026600797408208783
original_glrlm_RunEntropy_MYO_ED,0.002648308179106797
original_glcm_DifferenceAverage_MYO_ES,0.0026427730950806427
original_shape_Maximum2DDiameterRow_RV_ED,0.0026395971110285397
original_glszm_LargeAreaHighGrayLevelEmphasis_LV_ED,0.0025820659599537677
original_glszm_ZoneVariance_LV_ES,0.00256301192510625
original_glszm_SizeZoneNonUniformity_LV_ES,0.002542080410522811
original_shape_MinorAxisLength_MYO_ED,0.0025152691932335725
original_ngtdm_Busyness_RV_ES,0.002502766100936237
original_shape_Maximum3DDiameter_RV_ED,0.002496500100083891
original_glszm_SmallAreaEmphasis_LV_ES,0.002478069258048528
original_glszm_ZoneVariance_MYO_ES,0.0024651537055930977
original_gldm_LargeDependenceHighGrayLevelEmphasis_MYO_ED,0.002402769217793296
original_gldm_SmallDependenceLowGrayLevelEmphasis_MYO_ES,0.0023995276939940743
original_glrlm_RunLengthNonUniformity_MYO_ES,0.002390706284330558
original_gldm_DependenceVariance_RV_ES,0.002375357522997468
original_glrlm_RunPercentage_MYO_ES,0.002358101135190919
original_shape_LeastAxisLength_RV_ED,0.002353739732820717
original_glrlm_RunPercentage_MYO_ED,0.002353691962573168
original_shape_MinorAxisLength_LV_ED,0.0023452114067645333
original_shape_Maximum2DDiameterColumn_MYO_ED,0.002313960262839061
original_gldm_DependenceNonUniformityNormalized_LV_ES,0.0022529476105168974
weight,0.0022141973842707894
original_shape_Maximum3DDiameter_LV_ES,0.0021986449390130314
original_glrlm_LowGrayLevelRunEmphasis_LV_ES,0.0021965852565615967
original_glrlm_RunVariance_MYO_ED,0.0021733418310832054
original_glrlm_RunEntropy_LV_ES,0.0021427744515548795
original_shape_Flatness_MYO_ED,0.00213622138993563
original_glszm_SmallAreaEmphasis_LV_ED,0.0021176427896429876
original_glrlm_ShortRunEmphasis_LV_ES,0.002105593968798452
original_firstorder_Kurtosis_MYO_ED,0.0020808804861972446
original_shape_Maximum2DDiameterSlice_LV_ED,0.00208005533758749
original_glszm_LargeAreaEmphasis_MYO_ES,0.0020541420652369297
original_shape_Flatness_LV_ES,0.0020452763076129455
original_shape_VoxelVolume_LV_ED,0.002027915331063317
original_gldm_LargeDependenceHighGrayLevelEmphasis_LV_ES,0.0020080501007073504
original_glcm_Idm_RV_ED,0.0020042534963980218
original_glszm_LowGrayLevelZoneEmphasis_RV_ED,0.0020031412685318534
original_glcm_Imc2_MYO_ES,0.0020011732939561305
original_glcm_Imc1_RV_ES,0.0019909870702833634
original_shape_Maximum2DDiameterRow_MYO_ES,0.0019594239302112965
original_glrlm_RunLengthNonUniformity_LV_ES,0.0019344589091762356
original_glcm_Idm_MYO_ED,0.0019128706580190636
original_shape_SurfaceArea_RV_ED,0.0019068541026223047
original_firstorder_Median_LV_ED,0.0018993369069445268
original_gldm_DependenceVariance_RV_ED,0.001893381866770963
original_glrlm_GrayLevelNonUniformity_RV_ED,0.0018847583643122675
original_gldm_LargeDependenceLowGrayLevelEmphasis_MYO_ES,0.0018846364271657918
original_ngtdm_Busyness_MYO_ES,0.0018655567987334526
original_shape_Elongation_RV_ED,0.0018591735128231743
original_gldm_SmallDependenceLowGrayLevelEmphasis_RV_ES,0.001837649810827635
original_glcm_MCC_MYO_ES,0.0018370321813114504
original_glszm_SmallAreaEmphasis_MYO_ED,0.001834577058995634
original_glcm_ClusterShade_LV_ED,0.0018309678456963163
original_glcm_Id_LV_ED,0.0017908530318602267
original_glszm_SmallAreaEmphasis_RV_ED,0.001778058832646971
original_firstorder_Minimum_MYO_ES,0.0017664303383550543
original_firstorder_TotalEnergy_MYO_ED,0.0017469458987783596
original_glrlm_RunVariance_MYO_ES,0.001698284497871275
original_glcm_Idmn_MYO_ED,0.001693551396715655
original_shape_Elongation_MYO_ED,0.0016851979223581573
original_glszm_SmallAreaHighGrayLevelEmphasis_MYO_ES,0.0016842229584379518
original_shape_LeastAxisLength_MYO_ED,0.0016803777925845445
original_glszm_SmallAreaEmphasis_MYO_ES,0.001678123889942427
original_glszm_SizeZoneNonUniformityNormalized_RV_ES,0.0016634681697624664
original_shape_Sphericity_LV_ED,0.0016336897816347866
original_firstorder_RootMeanSquared_LV_ED,0.001591528444968126
original_shape_MajorAxisLength_RV_ED,0.001571920757967269
original_glcm_InverseVariance_RV_ED,0.0015351262127846566
original_firstorder_Maximum_LV_ES,0.0015277254640430143
original_shape_Maximum2DDiameterColumn_LV_ES,0.001527297926544124
original_firstorder_Skewness_MYO_ES,0.0015097463325770672
original_firstorder_TotalEnergy_LV_ES,0.0014869166817006432
original_glrlm_ShortRunLowGrayLevelEmphasis_LV_ED,0.0014803871906216223
original_glszm_ZonePercentage_LV_ES,0.0014789632738165933
original_glszm_SizeZoneNonUniformityNormalized_MYO_ED,0.0014676094677526278
original_glszm_ZoneVariance_MYO_ED,0.0014659407059641801
original_shape_Sphericity_RV_ES,0.0014425068077178252
original_glszm_LowGrayLevelZoneEmphasis_LV_ED,0.001433273815166473
original_glcm_Idmn_MYO_ES,0.0014324457237475208
original_glcm_MaximumProbability_MYO_ES,0.0014283502013905031
original_glrlm_GrayLevelNonUniformity_MYO_ES,0.001426553672316384
original_glrlm_RunLengthNonUniformity_MYO_ED,0.0014251248088546725
original_glrlm_LowGrayLevelRunEmphasis_MYO_ES,0.0014243117919821558
original_glcm_JointAverage_LV_ED,0.0014177571166207525
original_glszm_LargeAreaLowGrayLevelEmphasis_LV_ED,0.0014172595214943923
original_glcm_Idmn_LV_ED,0.0014167685979879865
original_glszm_ZoneVariance_RV_ES,0.0014120299391359717
original_gldm_DependenceEntropy_LV_ES,0.0014082604220277922
original_ngtdm_Strength_RV_ES,0.0013988638357606597
original_glrlm_LongRunEmphasis_RV_ED,0.0013892175965600478
original_gldm_DependenceVariance_LV_ED,0.0013880883609612817
original_gldm_SmallDependenceEmphasis_MYO_ES,0.0013823554317839767
original_glrlm_ShortRunEmphasis_RV_ED,0.001372312209908118
original_firstorder_RootMeanSquared_RV_ES,0.0013722018878614677
original_shape_MajorAxisLength_LV_ES,0.0013707119793406391
original_firstorder_MeanAbsoluteDeviation_RV_ES,0.0013567485017584274
original_gldm_SmallDependenceLowGrayLevelEmphasis_MYO_ED,0.0013454317897371713
original_shape_MajorAxisLength_LV_ED,0.0013354964040014116
original_shape_SurfaceArea_MYO_ES,0.0013331596361818104
original_gldm_DependenceNonUniformityNormalized_LV_ED,0.0013175368288990783
original_glszm_LargeAreaEmphasis_MYO_ED,0.0013141137881122478
original_firstorder_90Percentile_LV_ES,0.0013122602408443846
original_glcm_Idmn_RV_ED,0.001302998519733368
original_glcm_JointAverage_MYO_ED,0.0012811215685719073
original_gldm_DependenceNonUniformityNormalized_RV_ES,0.0012603217262600298
original_glcm_SumAverage_RV_ES,0.0012596725653555884
original_shape_Sphericity_RV_ED,0.0012471634868372076
original_glcm_Autocorrelation_RV_ED,0.0012355510813094358
original_glrlm_ShortRunEmphasis_MYO_ED,0.001226222845440647
original_shape_Elongation_RV_ES,0.0012227635003876534
original_glszm_LargeAreaLowGrayLevelEmphasis_RV_ED,0.0012125449037150029
original_glszm_GrayLevelNonUniformity_MYO_ES,0.001210242451736479
original_gldm_SmallDependenceHighGrayLevelEmphasis_LV_ES,0.0012060807409644595
original_gldm_SmallDependenceEmphasis_RV_ED,0.001203319564627491
original_glcm_SumAverage_MYO_ED,0.0011984509419091256
original_glcm_Correlation_RV_ES,0.0011850135324206164
original_ngtdm_Contrast_LV_ED,0.001181709568806343
original_gldm_LargeDependenceEmphasis_RV_ED,0.0011806161652078442
original_glszm_SizeZoneNonUniformity_LV_ED,0.0011666265189229693
original_glrlm_RunVariance_RV_ES,0.0011660533965085597
original_firstorder_Kurtosis_RV_ES,0.0011600670646185853
original_glszm_LargeAreaHighGrayLevelEmphasis_MYO_ES,0.001154831836719853
original_glszm_SizeZoneNonUniformity_MYO_ED,0.0011382160935936678
original_glcm_Idm_LV_ES,0.001129046168251605
original_shape_Sphericity_LV_ES,0.0011211484161784007
original_glrlm_HighGrayLevelRunEmphasis_RV_ED,0.0011174959561886851
original_firstorder_Uniformity_RV_ES,0.0011057061118330584
original_glszm_LargeAreaHighGrayLevelEmphasis_RV_ED,0.001102090704714704
original_shape_Flatness_LV_ED,0.0010986307620728117
original_glrlm_ShortRunEmphasis_LV_ED,0.0010855784469096675
original_glrlm_LowGrayLevelRunEmphasis_RV_ES,0.0010792233563197322
original_gldm_SmallDependenceLowGrayLevelEmphasis_LV_ED,0.0010766966552323504
original_glrlm_RunLengthNonUniformityNormalized_MYO_ES,0.0010673421039366906
original_gldm_DependenceEntropy_MYO_ES,0.0010652546616378474
original_glcm_MCC_RV_ES,0.0010651676019179863
original_glrlm_ShortRunEmphasis_MYO_ES,0.0010614641505739704
original_ngtdm_Contrast_MYO_ED,0.001033268959545337
original_glcm_JointEnergy_RV_ES,0.0010289132546537113
original_glcm_Imc2_MYO_ED,0.0010270169756885633
original_gldm_DependenceVariance_MYO_ES,0.0010021585651592089
original_glcm_DifferenceVariance_MYO_ED,0.0009969468390804593
original_gldm_HighGrayLevelEmphasis_RV_ED,0.0009901743446501445
original_glrlm_LongRunEmphasis_MYO_ES,0.0009768009768009772
original_glcm_MCC_RV_ED,0.0009454545454545453
original_glszm_GrayLevelVariance_LV_ES,0.0009395651429549738
original_glcm_ClusterProminence_LV_ED,0.0009346264686757292
original_glrlm_RunLengthNonUniformityNormalized_RV_ED,0.0009331324048671793
original_glcm_Id_MYO_ES,0.0009321839348803908
original_firstorder_10Percentile_LV_ES,0.0009259859225332037
original_glrlm_GrayLevelVariance_RV_ES,0.0009188292652338176
original_shape_Maximum3DDiameter_LV_ED,0.0009182986723674096
original_glcm_ClusterTendency_MYO_ES,0.0009080761936508655
height,0.0009054516496997613
original_firstorder_RobustMeanAbsoluteDeviation_LV_ED,0.0009043569969019841
original_glcm_DifferenceAverage_LV_ED,0.0008798816801568077
original_gldm_SmallDependenceEmphasis_MYO_ED,0.0008783610755441741
original_firstorder_TotalEnergy_RV_ED,0.0008776432549797035
original_glrlm_GrayLevelNonUniformityNormalized_RV_ES,0.0008690528605557814
original_firstorder_RootMeanSquared_MYO_ES,0.0008616990846681922
original_glcm_Idn_MYO_ED,0.0008607917506222594
original_glcm_DifferenceVariance_LV_ED,0.0008586378452564765
original_firstorder_RobustMeanAbsoluteDeviation_MYO_ED,0.0008527428897323119
original_shape_Maximum2DDiameterColumn_RV_ED,0.0008415065624596535
original_firstorder_Variance_LV_ES,0.0008397579369389788
original_gldm_LargeDependenceHighGrayLevelEmphasis_LV_ED,0.000834698588337015
original_gldm_DependenceNonUniformityNormalized_MYO_ED,0.0008336103578949716
original_glcm_SumAverage_LV_ES,0.0008305319359303935
original_ngtdm_Contrast_RV_ES,0.0008217367739005739
original_glcm_Idm_MYO_ES,0.0008195348015094512
original_ngtdm_Contrast_LV_ES,0.0008140943666526543
original_ngtdm_Strength_RV_ED,0.0008102099020518724
original_glcm_JointEnergy_MYO_ED,0.0008093613157365927
original_gldm_SmallDependenceLowGrayLevelEmphasis_RV_ED,0.0008080446804413019
original_gldm_DependenceEntropy_MYO_ED,0.0008079242032730404
original_glcm_MaximumProbability_LV_ED,0.0007942238267148015
original_gldm_LowGrayLevelEmphasis_RV_ED,0.0007934733977177305
original_glrlm_HighGrayLevelRunEmphasis_RV_ES,0.0007824943061845987
original_glcm_SumSquares_RV_ES,0.0007812916912301585
original_gldm_LargeDependenceHighGrayLevelEmphasis_RV_ED,0.0007694301742446987
original_ngtdm_Busyness_LV_ES,0.0007485560702235949
original_glszm_HighGrayLevelZoneEmphasis_MYO_ED,0.0007403598971722366
original_glcm_Correlation_RV_ED,0.0007160379962298598
original_gldm_LargeDependenceHighGrayLevelEmphasis_RV_ES,0.0007154936849364926
original_glrlm_GrayLevelNonUniformityNormalized_MYO_ES,0.000698598576216157
original_firstorder_Energy_LV_ES,0.000693928128872367
original_glcm_Imc1_MYO_ES,0.0006887052341597795
original_glszm_SmallAreaLowGrayLevelEmphasis_LV_ES,0.0006805055183850856
original_glrlm_ShortRunHighGrayLevelEmphasis_LV_ED,0.0006797341104429933
original_firstorder_Energy_MYO_ES,0.0006750545788808457
original_glcm_Id_MYO_ED,0.0006715132863326368
original_firstorder_Entropy_RV_ES,0.0006653043767523644
original_glcm_Idm_RV_ES,0.0006613772511866063
original_glcm_Idn_MYO_ES,0.0006598114824335904
original_glrlm_HighGrayLevelRunEmphasis_LV_ED,0.0006597339804541981
original_firstorder_MeanAbsoluteDeviation_MYO_ES,0.0006577823338458911
original_gldm_LargeDependenceEmphasis_LV_ED,0.0006536994050001337
original_glcm_MaximumProbability_RV_ES,0.0006474744147669049
original_glcm_MaximumProbability_RV_ED,0.0006473004927409874
original_firstorder_Entropy_MYO_ES,0.0006454753722794959
original_glrlm_GrayLevelVariance_LV_ED,0.0006414638961626604
original_firstorder_Kurtosis_LV_ED,0.0006372254688501963
original_glszm_ZoneEntropy_RV_ES,0.0006324766947457299
original_glszm_SmallAreaLowGrayLevelEmphasis_RV_ES,0.0006318639987964495
original_firstorder_Maximum_MYO_ED,0.0006308057120893073
original_firstorder_Skewness_MYO_ED,0.0006238217652099402
original_glrlm_LongRunHighGrayLevelEmphasis_LV_ED,0.0006225287949114663
original_glszm_LargeAreaLowGrayLevelEmphasis_LV_ES,0.000620830806549424
original_glrlm_ShortRunLowGrayLevelEmphasis_RV_ED,0.0006159875844858876
original_ngtdm_Strength_MYO_ED,0.0006134969325153377
original_firstorder_10Percentile_MYO_ED,0.0006102316826579249
original_glcm_DifferenceVariance_LV_ES,0.0006083561232500238
original_firstorder_RootMeanSquared_MYO_ED,0.0006006055025928568
original_glrlm_RunLengthNonUniformity_LV_ED,0.0005998606133014734
original_gldm_GrayLevelNonUniformity_RV_ED,0.0005978346117611511
original_glrlm_ShortRunHighGrayLevelEmphasis_RV_ED,0.000591942448926428
original_glcm_DifferenceEntropy_MYO_ES,0.0005895288448041922
original_glszm_GrayLevelNonUniformityNormalized_LV_ES,0.0005860010851871949
original_glszm_ZonePercentage_MYO_ED,0.0005803793658236804
original_glcm_ClusterProminence_LV_ES,0.0005798969072164951
original_gldm_DependenceVariance_MYO_ED,0.0005777444834338737
original_firstorder_InterquartileRange_RV_ED,0.0005740645822655048
original_glcm_DifferenceEntropy_RV_ED,0.0005735020875685837
original_glrlm_HighGrayLevelRunEmphasis_MYO_ES,0.0005634298587318719
original_glrlm_RunEntropy_RV_ES,0.0005599168008588298
original_gldm_DependenceEntropy_LV_ED,0.000550314465408805
original_glszm_ZoneVariance_RV_ED,0.0005499181669394434
original_glcm_DifferenceVariance_MYO_ES,0.0005495603517186252
original_firstorder_Maximum_LV_ED,0.0005415147969640504
original_gldm_LargeDependenceEmphasis_MYO_ES,0.0005394033943175907
original_glszm_LowGrayLevelZoneEmphasis_LV_ES,0.0005387406493304882
original_gldm_DependenceNonUniformityNormalized_MYO_ES,0.0005302037583699331
original_firstorder_RobustMeanAbsoluteDeviation_RV_ES,0.000529955512933216
original_firstorder_Range_RV_ES,0.0005202913631633716
original_glszm_GrayLevelNonUniformity_MYO_ED,0.0005179541075494833
original_glszm_SizeZoneNonUniformityNormalized_LV_ED,0.0005041152263374486
original_glcm_DifferenceAverage_LV_ES,0.0005018013381369017
original_gldm_LowGrayLevelEmphasis_LV_ES,0.0004927385892116181
original_gldm_DependenceNonUniformityNormalized_RV_ED,0.0004887020493956912
original_firstorder_Maximum_RV_ED,0.00047986289631533847
original_glcm_SumSquares_LV_ED,0.0004752832894881459
original_gldm_GrayLevelNonUniformity_MYO_ED,0.0004693140794223826
original_firstorder_Uniformity_LV_ED,0.00046642747309072274
original_glszm_SmallAreaLowGrayLevelEmphasis_RV_ED,0.00046439628482972123
original_firstorder_Minimum_RV_ES,0.0004634397528321317
original_ngtdm_Contrast_MYO_ES,0.0004598875830352579
original_glrlm_ShortRunEmphasis_RV_ES,0.00045454545454545433
original_glszm_SmallAreaHighGrayLevelEmphasis_LV_ES,0.0004460966542750929
original_gldm_DependenceEntropy_RV_ED,0.00044397463002114157
original_glcm_DifferenceVariance_RV_ES,0.000441408302679979
original_glrlm_HighGrayLevelRunEmphasis_MYO_ED,0.00043704474505723204
original_glcm_MCC_MYO_ED,0.0004347826086956521
original_glrlm_GrayLevelNonUniformityNormalized_LV_ES,0.00043254376930998976
original_glrlm_GrayLevelVariance_RV_ED,0.00042139662882696954
original_glcm_InverseVariance_MYO_ED,0.00040845435684647304
original_glcm_JointEntropy_RV_ES,0.00039847834744293013
original_ngtdm_Strength_LV_ES,0.0003795534707435791
original_glrlm_RunLengthNonUniformityNormalized_RV_ES,0.00036630036630036625
original_glrlm_ShortRunLowGrayLevelEmphasis_RV_ES,0.0003651538862806468
original_glcm_Id_LV_ES,0.00036383725657847634
original_gldm_GrayLevelVariance_MYO_ED,0.00036382536382536385
original_firstorder_Uniformity_LV_ES,0.00036243597290623223
original_glszm_SmallAreaEmphasis_RV_ES,0.0003554158607350098
original_glszm_LowGrayLevelZoneEmphasis_MYO_ES,0.0003503240497460152
original_glrlm_LongRunLowGrayLevelEmphasis_LV_ED,0.00034904013961605597
original_firstorder_Variance_RV_ES,0.0003485559823587994
original_glszm_GrayLevelVariance_RV_ES,0.0003462025903372385
original_glszm_ZoneEntropy_MYO_ED,0.0003455886623685892
original_glrlm_RunVariance_LV_ES,0.0003436742459111971
original_firstorder_Variance_LV_ED,0.0003433175687510948
original_firstorder_90Percentile_LV_ED,0.0003433175687510948
original_firstorder_Mean_MYO_ES,0.0003433160653526653
original_glrlm_LowGrayLevelRunEmphasis_RV_ED,0.00034271725826193406
original_glszm_LowGrayLevelZoneEmphasis_RV_ES,0.00034236339428850933
original_glcm_Correlation_LV_ED,0.0003420129907455309
original_firstorder_Variance_RV_ED,0.00033862229102167183
original_glcm_Imc1_LV_ED,0.0003381234150464918
original_gldm_DependenceNonUniformity_LV_ED,0.00033768504839147356
original_glcm_ClusterTendency_RV_ES,0.0003355704697986578
original_firstorder_MeanAbsoluteDeviation_LV_ED,0.0003350739773716275
original_glszm_HighGrayLevelZoneEmphasis_RV_ES,0.0003350515463917527
original_glszm_SmallAreaHighGrayLevelEmphasis_RV_ES,0.00033384694401643566
original_glcm_Contrast_LV_ED,0.00033384694401643566
original_firstorder_InterquartileRange_MYO_ES,0.0003338443195367059
original_glcm_JointAverage_RV_ED,0.0003321410321921309
original_glcm_ClusterShade_MYO_ES,0.00033178214408824543
original_gldm_LargeDependenceLowGrayLevelEmphasis_LV_ED,0.0003314393939393939
original_glrlm_ShortRunHighGrayLevelEmphasis_MYO_ES,0.00032932566649242033
original_glszm_GrayLevelNonUniformityNormalized_RV_ES,0.0003287002253944403
original_glcm_SumEntropy_LV_ED,0.0003285543608124253
original_shape_Elongation_LV_ED,0.00032836100947556063
original_glszm_SizeZoneNonUniformityNormalized_MYO_ES,0.0003282182438192668
original_firstorder_90Percentile_RV_ES,0.00032525991752337807
original_glcm_SumEntropy_RV_ES,0.00032458123224946386
original_glszm_SmallAreaLowGrayLevelEmphasis_LV_ED,0.0003235684982954873
original_glrlm_ShortRunLowGrayLevelEmphasis_LV_ES,0.0003217464213918437
original_gldm_SmallDependenceEmphasis_RV_ES,0.0003213957759412305
original_glrlm_LongRunLowGrayLevelEmphasis_RV_ED,0.0003191489361702128
original_firstorder_InterquartileRange_RV_ES,0.0003185981680605336
original_glcm_ClusterProminence_MYO_ED,0.0003185519199975829
original_firstorder_Energy_RV_ED,0.00031670113753877975
original_glszm_GrayLevelNonUniformity_LV_ED,0.00031529164477141366
original_glcm_Idn_RV_ED,0.0003152341739577973
original_glszm_SmallAreaLowGrayLevelEmphasis_MYO_ES,0.00031458654340010275
original_glcm_InverseVariance_LV_ES,0.00030753459764223484
original_glszm_SizeZoneNonUniformity_RV_ES,0.0003030303030303031
original_glcm_JointEntropy_LV_ED,0.00029739776951672863
original_glrlm_RunVariance_LV_ED,0.0002894056847545219
original_firstorder_Minimum_LV_ED,0.00028762198253723674
original_glcm_JointEntropy_RV_ED,0.00028717948717948716
original_firstorder_Entropy_RV_ED,0.00027748414376321356
original_glrlm_LongRunLowGrayLevelEmphasis_RV_ES,0.00027588018917498687
original_ngtdm_Busyness_MYO_ED,0.00027436910181807204
original_glrlm_LowGrayLevelRunEmphasis_MYO_ED,0.00027357998957790517
original_firstorder_InterquartileRange_LV_ED,0.00027173913043478256
original_firstorder_Median_RV_ES,0.00027061855670103095
original_ngtdm_Complexity_RV_ED,0.0002690927729369555
original_glrlm_RunPercentage_LV_ED,0.00026881720430107527
original_firstorder_MeanAbsoluteDeviation_LV_ES,0.00024783147459727387
original_gldm_LargeDependenceLowGrayLevelEmphasis_MYO_ED,0.00024369016536118361
original_glrlm_GrayLevelVariance_MYO_ED,0.0002419215482979091
original_glrlm_LongRunLowGrayLevelEmphasis_MYO_ES,0.00024142093464390408
original_gldm_LargeDependenceLowGrayLevelEmphasis_RV_ED,0.00024129610479145118
original_glrlm_ShortRunHighGrayLevelEmphasis_MYO_ED,0.00024104683195592288
original_shape_SurfaceArea_MYO_ED,0.00024092238857339527
original_glcm_SumAverage_MYO_ES,0.00024054982817869414
original_gldm_LargeDependenceHighGrayLevelEmphasis_MYO_ES,0.00024017841825355976
original_glcm_DifferenceEntropy_LV_ED,0.00024017841825355976
original_glcm_SumEntropy_RV_ED,0.00023993144815766924
original_shape_SurfaceVolumeRatio_RV_ED,0.0002280233452472514
original_glcm_Contrast_RV_ED,0.0001858736059479554
original_ngtdm_Complexity_MYO_ES,0.00018489170628631802
original_glcm_SumSquares_MYO_ED,0.0001839201261166579
original_glszm_SmallAreaHighGrayLevelEmphasis_RV_ED,0.0001832460732984293
original_glcm_Imc2_RV_ES,0.00018315018315018312
original_glszm_ZoneEntropy_RV_ED,0.0001829587036069002
original_glcm_MCC_LV_ED,0.00018276762402088772
original_firstorder_TotalEnergy_MYO_ES,0.0001826722338204593
original_glcm_Imc1_LV_ES,0.00018257694314032343
original_firstorder_Skewness_LV_ES,0.0001825769431403234
original_glcm_ClusterProminence_RV_ED,0.0001824817518248175
original_gldm_GrayLevelVariance_LV_ED,0.00018210197710718002
original_glcm_ClusterShade_RV_ES,0.00018200728029121163
original_firstorder_Range_MYO_ED,0.0001818181818181818
original_glszm_ZonePercentage_MYO_ES,0.00018181818181818178
original_glszm_GrayLevelVariance_MYO_ED,0.00018153526970954357
original_glcm_ClusterShade_MYO_ED,0.0001805985552115583
original_glcm_InverseVariance_LV_ED,0.00018050541516245486
original_glcm_Imc2_LV_ED,0.00018031942297784653
original_glrlm_ShortRunHighGrayLevelEmphasis_RV_ES,0.00018031942297784645
original_gldm_SmallDependenceHighGrayLevelEmphasis_RV_ED,0.00018022657054582905
original_firstorder_Energy_LV_ED,0.0001800411522633745
original_gldm_GrayLevelVariance_RV_ES,0.00017976373908577296
original_firstorder_Median_MYO_ED,0.00017939518195797028
original_gldm_SmallDependenceHighGrayLevelEmphasis_LV_ED,0.00017939518195797026
original_glszm_GrayLevelVariance_RV_ED,0.0001788451711803781
original_glszm_LargeAreaHighGrayLevelEmphasis_MYO_ED,0.00016109730277087369
original_glszm_SizeZoneNonUniformity_MYO_ES,0.0001540862883214599
original_glcm_Idm_LV_ED,0.0
original_glcm_SumAverage_LV_ED,0.0
original_gldm_HighGrayLevelEmphasis_LV_ED,0.0
original_glcm_InverseVariance_MYO_ES,0.0
original_glcm_Autocorrelation_MYO_ED,0.0
original_glcm_ClusterTendency_MYO_ED,0.0
original_glcm_Contrast_MYO_ED,0.0
original_glszm_LargeAreaLowGrayLevelEmphasis_MYO_ES,0.0
original_glcm_JointEnergy_LV_ED,0.0
original_glcm_Autocorrelation_LV_ED,0.0
original_glszm_GrayLevelVariance_MYO_ES,0.0
original_glszm_HighGrayLevelZoneEmphasis_MYO_ES,0.0
original_glszm_GrayLevelNonUniformityNormalized_MYO_ES,0.0
original_glrlm_RunEntropy_MYO_ES,0.0
original_firstorder_90Percentile_MYO_ES,0.0
original_firstorder_Kurtosis_MYO_ES,0.0
original_firstorder_Range_MYO_ES,0.0
original_firstorder_Median_MYO_ES,0.0
original_firstorder_Variance_MYO_ES,0.0
original_glcm_Autocorrelation_MYO_ES,0.0
original_glcm_ClusterProminence_MYO_ES,0.0
original_firstorder_Uniformity_MYO_ES,0.0
original_glcm_ClusterTendency_LV_ED,0.0
original_firstorder_Mean_RV_ED,0.0
original_firstorder_Median_RV_ED,0.0
original_firstorder_Range_RV_ED,0.0
original_firstorder_RobustMeanAbsoluteDeviation_RV_ED,0.0
original_firstorder_RootMeanSquared_RV_ED,0.0
original_firstorder_Uniformity_RV_ED,0.0
original_glcm_Contrast_MYO_ES,0.0
original_glcm_ClusterShade_RV_ED,0.0
original_glcm_ClusterTendency_RV_ED,0.0
original_glcm_DifferenceVariance_RV_ED,0.0
original_glcm_DifferenceAverage_RV_ED,0.0
original_glcm_JointEntropy_MYO_ED,0.0
original_glcm_MaximumProbability_MYO_ED,0.0
original_glcm_SumEntropy_MYO_ED,0.0
original_glcm_Imc1_MYO_ED,0.0
original_gldm_HighGrayLevelEmphasis_MYO_ED,0.0
original_glcm_Correlation_MYO_ED,0.0
original_glcm_DifferenceAverage_MYO_ED,0.0
original_glcm_DifferenceEntropy_MYO_ED,0.0
original_shape_Flatness_MYO_ES,0.0
original_shape_Maximum2DDiameterColumn_MYO_ES,0.0
original_firstorder_10Percentile_MYO_ES,0.0
original_glrlm_ShortRunLowGrayLevelEmphasis_MYO_ES,0.0
original_glszm_LargeAreaEmphasis_RV_ED,0.0
original_glszm_HighGrayLevelZoneEmphasis_RV_ED,0.0
original_glszm_GrayLevelNonUniformityNormalized_RV_ED,0.0
original_glszm_GrayLevelNonUniformity_RV_ED,0.0
original_gldm_SmallDependenceHighGrayLevelEmphasis_MYO_ED,0.0
original_glrlm_GrayLevelNonUniformityNormalized_MYO_ED,0.0
original_gldm_LowGrayLevelEmphasis_MYO_ED,0.0
original_glcm_Id_RV_ED,0.0
original_ngtdm_Coarseness_LV_ED,0.0
original_ngtdm_Complexity_LV_ED,0.0
original_ngtdm_Strength_LV_ED,0.0
original_glcm_Imc1_RV_ED,0.0
original_glcm_SumAverage_RV_ED,0.0
original_glszm_SmallAreaHighGrayLevelEmphasis_LV_ED,0.0
original_glcm_Imc2_RV_ED,0.0
original_glcm_JointEnergy_RV_ED,0.0
original_glcm_ClusterTendency_LV_ES,0.0
original_glcm_Contrast_LV_ES,0.0
original_glcm_DifferenceEntropy_LV_ES,0.0
original_glcm_JointAverage_LV_ES,0.0
original_glcm_JointEnergy_LV_ES,0.0
original_glcm_JointEntropy_LV_ES,0.0
original_glcm_MaximumProbability_LV_ES,0.0
original_glcm_SumEntropy_LV_ES,0.0
original_glcm_SumSquares_LV_ES,0.0
original_gldm_GrayLevelVariance_LV_ES,0.0
original_gldm_HighGrayLevelEmphasis_LV_ES,0.0
original_firstorder_90Percentile_RV_ED,0.0
original_firstorder_MeanAbsoluteDeviation_RV_ED,0.0
original_glszm_ZoneEntropy_LV_ES,0.0
original_glszm_ZoneEntropy_LV_ED,0.0
original_glszm_ZoneVariance_LV_ED,0.0
original_glrlm_LongRunEmphasis_LV_ES,0.0
original_glrlm_HighGrayLevelRunEmphasis_LV_ES,0.0
original_glszm_SizeZoneNonUniformityNormalized_LV_ES,0.0
original_glrlm_LongRunLowGrayLevelEmphasis_LV_ES,0.0
original_firstorder_Mean_RV_ES,0.0
original_glcm_Autocorrelation_RV_ES,0.0
original_glcm_ClusterProminence_RV_ES,0.0
original_glrlm_ShortRunHighGrayLevelEmphasis_LV_ES,0.0
original_glcm_Contrast_RV_ES,0.0
original_glcm_DifferenceAverage_RV_ES,0.0
original_glcm_Id_RV_ES,0.0
original_glcm_DifferenceEntropy_RV_ES,0.0
original_glcm_InverseVariance_RV_ES,0.0
original_glcm_JointAverage_RV_ES,0.0
original_gldm_DependenceEntropy_RV_ES,0.0
original_firstorder_Maximum_RV_ES,0.0
original_gldm_HighGrayLevelEmphasis_RV_ES,0.0
original_gldm_LargeDependenceEmphasis_RV_ES,0.0
original_ngtdm_Complexity_MYO_ED,0.0
original_gldm_LowGrayLevelEmphasis_RV_ES,0.0
original_glcm_SumSquares_RV_ED,0.0
original_gldm_GrayLevelVariance_RV_ED,0.0
original_glrlm_GrayLevelNonUniformityNormalized_RV_ED,0.0
original_glrlm_LongRunHighGrayLevelEmphasis_RV_ED,0.0
original_glrlm_RunEntropy_RV_ED,0.0
original_glrlm_RunPercentage_RV_ED,0.0
original_shape_Elongation_LV_ES,0.0
original_gldm_LargeDependenceLowGrayLevelEmphasis_LV_ES,0.0
original_gldm_SmallDependenceEmphasis_LV_ES,0.0
original_glrlm_GrayLevelVariance_LV_ES,0.0
original_ngtdm_Complexity_LV_ES,0.0
original_glcm_ClusterShade_LV_ES,0.0
original_firstorder_Range_LV_ES,0.0
original_firstorder_Median_LV_ES,0.0
original_firstorder_Mean_LV_ES,0.0
original_firstorder_Kurtosis_LV_ES,0.0
original_firstorder_Entropy_LV_ES,0.0
original_glrlm_LongRunEmphasis_RV_ES,0.0
original_gldm_SmallDependenceHighGrayLevelEmphasis_RV_ES,0.0
original_glcm_Autocorrelation_LV_ES,0.0
original_glrlm_RunPercentage_RV_ES,0.0
original_gldm_LowGrayLevelEmphasis_LV_ED,0.0
original_glrlm_GrayLevelNonUniformityNormalized_LV_ED,0.0
original_glrlm_LongRunEmphasis_LV_ED,0.0
original_glrlm_LowGrayLevelRunEmphasis_LV_ED,0.0
original_glrlm_RunEntropy_LV_ED,0.0
original_glrlm_RunLengthNonUniformity_RV_ES,0.0
original_firstorder_RobustMeanAbsoluteDeviation_LV_ES,0.0
original_glszm_GrayLevelNonUniformityNormalized_LV_ED,0.0
original_glszm_GrayLevelVariance_LV_ED,0.0
original_glcm_JointAverage_MYO_ES,0.0
original_glszm_HighGrayLevelZoneEmphasis_LV_ED,0.0
original_glcm_JointEntropy_MYO_ES,0.0
original_glcm_SumEntropy_MYO_ES,0.0
original_glcm_SumSquares_MYO_ES,0.0
original_glcm_JointEnergy_MYO_ES,0.0
original_firstorder_10Percentile_LV_ED,0.0
original_glszm_SizeZoneNonUniformity_RV_ED,0.0
original_glszm_ZonePercentage_RV_ED,0.0
original_glszm_SizeZoneNonUniformityNormalized_RV_ED,0.0
original_ngtdm_Busyness_RV_ED,0.0
original_glrlm_LongRunLowGrayLevelEmphasis_MYO_ED,0.0
original_glrlm_RunLengthNonUniformityNormalized_LV_ED,0.0
original_firstorder_RootMeanSquared_LV_ES,0.0
original_glszm_GrayLevelNonUniformityNormalized_MYO_ED,0.0
original_glrlm_ShortRunLowGrayLevelEmphasis_MYO_ED,0.0
original_glszm_SmallAreaHighGrayLevelEmphasis_MYO_ED,0.0
original_glszm_LargeAreaLowGrayLevelEmphasis_MYO_ED,0.0
original_glszm_LargeAreaLowGrayLevelEmphasis_RV_ES,0.0
original_glszm_ZonePercentage_RV_ES,0.0
original_ngtdm_Complexity_RV_ES,0.0
original_glszm_LowGrayLevelZoneEmphasis_MYO_ED,0.0
original_glszm_ZoneEntropy_MYO_ES,0.0
original_firstorder_90Percentile_MYO_ED,0.0
original_firstorder_Entropy_MYO_ED,0.0
original_firstorder_Energy_MYO_ED,0.0
original_firstorder_InterquartileRange_MYO_ED,0.0
original_firstorder_MeanAbsoluteDeviation_MYO_ED,0.0
original_firstorder_Mean_MYO_ED,0.0
original_glszm_SmallAreaLowGrayLevelEmphasis_MYO_ED,0.0
original_firstorder_Minimum_MYO_ED,0.0
original_firstorder_Uniformity_MYO_ED,0.0
original_firstorder_TotalEnergy_LV_ED,0.0
original_firstorder_Variance_MYO_ED,0.0
original_gldm_GrayLevelVariance_MYO_ES,0.0
original_gldm_HighGrayLevelEmphasis_MYO_ES,0.0
original_firstorder_Range_LV_ED,0.0
original_firstorder_Skewness_LV_ED,0.0
original_firstorder_Mean_LV_ED,0.0
original_gldm_LowGrayLevelEmphasis_MYO_ES,0.0
original_shape_SurfaceArea_LV_ED,0.0
original_gldm_SmallDependenceHighGrayLevelEmphasis_MYO_ES,0.0
original_glrlm_GrayLevelVariance_MYO_ES,0.0
original_firstorder_Entropy_LV_ED,0.0
original_ngtdm_Strength_MYO_ES,0.0
original_shape_Maximum2DDiameterColumn_LV_ED,0.0
